<?xml version="1.0" encoding="UTF-8"?>
<project-private xmlns="http://www.netbeans.org/ns/project-private/1">
    <editor-bookmarks xmlns="http://www.netbeans.org/ns/editor-bookmarks/2" lastBookmarkId="0"/>
    <open-files xmlns="http://www.netbeans.org/ns/projectui-open-files/2">
        <group>
            <file>file:/G:/Java%20Final%20Project/src/java/pkgfinal/project/SavingsAccount.java</file>
            <file>file:/G:/Java%20Final%20Project/src/java/pkgfinal/project/CustomerOperationsInterface.java</file>
            <file>file:/G:/Java%20Final%20Project/src/java/pkgfinal/project/Employee.java</file>
            <file>file:/G:/Java%20Final%20Project/src/java/pkgfinal/project/Customer.java</file>
            <file>file:/G:/Java%20Final%20Project/src/java/pkgfinal/project/AccountOperationsInterface.java</file>
            <file>file:/G:/Java%20Final%20Project/src/java/pkgfinal/project/ITransactionsInterface.java</file>
            <file>file:/G:/Java%20Final%20Project/src/java/pkgfinal/project/JavaFinalProject.java</file>
            <file>file:/G:/Java%20Final%20Project/src/java/pkgfinal/project/EmployeeOperationsInterface.java</file>
            <file>file:/G:/Java%20Final%20Project/src/java/pkgfinal/project/Bank.java</file>
            <file>file:/G:/Java%20Final%20Project/src/java/pkgfinal/project/FixedAccount.java</file>
            <file>file:/G:/Java%20Final%20Project/src/java/pkgfinal/project/Account.java</file>
        </group>
    </open-files>
</project-private>
